INSERT INTO customers (customer_id, customer_name, customer_email, customer_phone_number, customer_address, customer_city, updated_at) VALUES
('CU001', 'Ahmad Pratama', 'ahmad.pratama@email.com', '+6281234567890', 'Jl. Sudirman No. 123', 'Jakarta', '2024-09-25 10:15:00'),
('CU002', 'Siti Nurhaliza', 'siti.nurhaliza@email.com', '+6285678901234', 'Jl. Gatot Subroto No. 56', 'Bandung', '2024-08-15 14:30:00'),
('CU003', 'Budi Santoso', 'budi.santoso@email.com', '+6289876543210', 'Jl. Diponegoro No. 78', 'Surabaya', '2024-07-10 09:45:00'),
('CU004', 'Indah Permata', 'indah.permata@email.com', '+6281357902468', 'Jl. Ahmad Yani No. 45', 'Yogyakarta', '2024-05-22 16:00:00'),
('CU005', 'Rizky Fauzan', 'rizky.fauzan@email.com', '+6281122334455', 'Jl. Merdeka No. 12', 'Medan', '2024-04-12 11:20:00'),
('CU006', 'Nurul Hidayati', 'nurul.hidayati@email.com', '+6289988776655', 'Jl. Imam Bonjol No. 34', 'Semarang', '2024-03-03 12:55:00'),
('CU007', 'Faisal Rahman', 'faisal.rahman@email.com', '+6282233445566', 'Jl. Mangga Dua No. 89', 'Makassar', '2024-02-28 08:10:00'),
('CU008', 'Desi Wulandari', 'desi.wulandari@email.com', '+6286677889900', 'Jl. Pemuda No. 56', 'Denpasar', '2024-06-05 13:35:00'),
('CU009', 'Andi Setiawan', 'andi.setiawan@email.com', '+6285566778899', 'Jl. Teuku Umar No. 23', 'Banda Aceh', '2024-01-17 15:45:00'),
('CU010', 'Rina Marlina', 'rina.marlina@email.com', '+6287788990011', 'Jl. Asia Afrika No. 67', 'Palembang', '2024-07-19 17:50:00'),
('CU011', 'Hendra Wijaya', 'hendra.wijaya@email.com', '+6281122445566', 'Jl. Pahlawan No. 90', 'Manado', '2024-08-10 14:20:00'),
('CU012', 'Fitri Handayani', 'fitri.handayani@email.com', '+6289988007766', 'Jl. Ahmad Dahlan No. 33', 'Pontianak', '2024-09-01 09:10:00'),
('CU013', 'Yoga Aditya', 'yoga.aditya@email.com', '+6281122556677', 'Jl. Sisingamangaraja No. 56', 'Pekanbaru', '2024-07-12 11:50:00'),
('CU014', 'Tina Putri', 'tina.putri@email.com', '+6281344556677', 'Jl. Daan Mogot No. 77', 'Balikpapan', '2024-05-14 15:30:00'),
('CU015', 'Agus Susanto', 'agus.susanto@email.com', '+6284455667788', 'Jl. Basuki Rahmat No. 54', 'Samarinda', '2024-06-25 10:05:00'),
('CU016', 'Lia Amalia', 'lia.amalia@email.com', '+6285566779988', 'Jl. Dr. Sutomo No. 44', 'Batam', '2024-04-28 16:20:00'),
('CU017', 'Joko Setiono', 'joko.setiono@email.com', '+6287766554433', 'Jl. HOS Cokroaminoto No. 65', 'Malang', '2024-01-18 13:15:00'),
('CU018', 'Fauzi Ramdani', 'fauzi.ramdani@email.com', '+6289988221133', 'Jl. KH Wahid Hasyim No. 38', 'Bekasi', '2024-02-10 12:10:00'),
('CU019', 'Dewi Ayu', 'dewi.ayu@email.com', '+6282233447766', 'Jl. Pemuda No. 14', 'Cirebon', '2024-03-15 11:25:00'),
('CU020', 'Eka Kurniawan', 'eka.kurniawan@email.com', '+6286677886655', 'Jl. Diponegoro No. 72', 'Lampung', '2024-02-22 17:40:00'),
('CU021', 'Rahmat Fajar', 'rahmat.fajar@email.com', '+6286677882244', 'Jl. Imam Bonjol No. 20', 'Padang', '2024-08-02 14:45:00'),
('CU022', 'Yulia Nuraini', 'yulia.nuraini@email.com', '+6289988772244', 'Jl. Melati No. 88', 'Maluku', '2024-09-09 09:55:00'),
('CU023', 'Bambang Sugiarto', 'bambang.sugiarto@email.com', '+6283355778899', 'Jl. Gunung Sahari No. 12', 'Kendari', '2024-05-07 10:35:00'),
('CU024', 'Dian Puspita', 'dian.puspita@email.com', '+6285566889977', 'Jl. Pandanaran No. 99', 'Bandar Lampung', '2024-03-30 08:45:00'),
('CU025', 'Anita Cahyani', 'anita.cahyani@email.com', '+6289988123445', 'Jl. Kebon Jeruk No. 45', 'Tangerang', '2024-07-15 18:20:00');

INSERT INTO employees (employee_id, employee_name, employee_role, employee_phone_number, employee_doj) VALUES
('E001', 'Adi Putra', 'Inventory Manager', '+6281122334455', '2024-02-15 09:30:00'),
('E002', 'Dewi Lestari', 'Warehouse Staff', '+6283344556677', '2024-03-01 10:45:00'),
('E003', 'Budi Kurniawan', 'Quality Control', '+6287788990011', '2024-04-10 08:20:00'),
('E004', 'Citra Maharani', 'Logistics Coordinator', '+6285566778899', '2024-05-22 13:35:00'),
('E005', 'Fahmi Setiawan', 'Procurement Officer', '+6286677889900', '2024-06-18 11:00:00'),
('E006', 'Gita Pertiwi', 'Inventory Auditor', '+6289988776655', '2024-07-05 15:50:00'),
('E007', 'Hendra Wijaya', 'Stock Controller', '+6281122556677', '2024-08-12 12:25:00'),
('E008', 'Ika Sari', 'Warehouse Supervisor', '+6287788991122', '2024-09-09 14:10:00'),
('E009', 'Joko Santoso', 'Logistics Assistant', '+6288899002233', '2024-10-01 07:45:00'),
('E010', 'Kiki Ramdani', 'Supply Chain Analyst', '+6285566773344', '2024-01-15 09:10:00'),
('E011', 'Lina Wijayanti', 'Receiving Clerk', '+6288899004455', '2024-08-25 16:05:00'),
('E012', 'Maya Kusuma', 'Shipping Coordinator', '+6283344559988', '2024-09-19 17:40:00');

INSERT INTO categories (category_id, category_name) VALUES
('C01', 'Electronics'),
('C02', 'Furniture'),
('C03', 'Office Supplies'),
('C04', 'Cleaning Supplies'),
('C05', 'Food & Beverage'),
('C06', 'Tools & Hardware'),
('C07', 'Personal Care'),
('C08', 'Automotive Parts'),
('C09', 'Apparel & Accessories'),
('C10', 'Sports Equipment');

INSERT INTO suppliers (supplier_id, supplier_name, supplier_contact, supplier_address, supplier_city, supplier_country)
VALUES
('S0001', 'PT. Sumber Rejeki', '081234567890', 'Jl. Kebon Jeruk No. 17', 'Jakarta', 'Indonesia'),
('S0002', 'CV. Mitra Abadi', '082345678901', 'Jl. Raya Semanggi No. 45', 'Surabaya', 'Indonesia'),
('S0003', 'Toko Jaya Abadi', '083456789012', 'Jl. Merpati No. 8', 'Bandung', 'Indonesia'),
('S0004', 'Distributor Sejahtera', '084567890123', 'Jl. Pahlawan No. 6', 'Yogyakarta', 'Indonesia'),
('S0005', 'PT. Emas Mandiri', '085678901234', 'Jl. Anggrek No. 21', 'Medan', 'Indonesia'),
('S0006', 'UD. Harapan Jaya', '086789012345', 'Jl. Cendana No. 10', 'Denpasar', 'Indonesia'),
('S0007', 'CV. Karya Utama', '087890123456', 'Jl. Kuningan No. 12', 'Makassar', 'Indonesia'),
('S0008', 'PT. Maju Bersama', '088901234567', 'Jl. Palem No. 3', 'Palembang', 'Indonesia'),
('S0009', 'Toko Abadi', '089012345678', 'Jl. Melati No. 7', 'Semarang', 'Indonesia'),
('S0010', 'Distributor Makmur', '081123456789', 'Jl. Bunga No. 9', 'Bandung', 'Indonesia'),
('S0011', 'CV. Sinar Bintang', '082234567890', 'Jl. Durian No. 15', 'Surabaya', 'Indonesia'),
('S0012', 'PT. Bina Usaha', '083345678901', 'Jl. Kayu Manis No. 30', 'Jakarta', 'Indonesia'),
('S0013', 'UD. Citra Abadi', '084456789012', 'Jl. Srikaya No. 5', 'Medan', 'Indonesia'),
('S0014', 'CV. Berkat Sejati', '085567890123', 'Jl. Bintaro No. 20', 'Makassar', 'Indonesia'),
('S0015', 'Toko Sumber Makmur', '086678901234', 'Jl. Jati No. 4', 'Yogyakarta', 'Indonesia');

INSERT INTO products (product_id, product_name, category_id, supplier_id, qty_in_stock, product_price)
VALUES
('P0001', 'Roti Tawar', 'C05', 'S0001', 50, 18000.00),
('P0002', 'Susu 1Ltr', 'C05', 'S0002', 30, 22000.00),
('P0003', 'Televisi', 'C01', 'S0003', 20, 5000000.00),
('P0004', 'Sofa', 'C02', 'S0004', 15, 2000000.00),
('P0005', 'Meja Makan', 'C02', 'S0005', 25, 1800000.00),
('P0006', 'Kursi Kantor', 'C02', 'S0006', 40, 750000.00),
('P0007', 'Buku Tulis', 'C03', 'S0007', 100, 5000.00),
('P0008', 'Pulpen', 'C03', 'S0008', 200, 2500.00),
('P0009', 'Pembersih Lantai', 'C04', 'S0009', 80, 40000.00),
('P0010', 'Sabun Cair', 'C04', 'S0010', 60, 30000.00),
('P0011', 'Makanan Ringan', 'C05', 'S0011', 150, 15000.00),
('P0012', 'Minuman Kemasan', 'C05', 'S0012', 120, 5000.00),
('P0013', 'Perkakas Kayu', 'C06', 'S0013', 75, 60000.00),
('P0014', 'Obat Perawatan Diri', 'C07', 'S0014', 100, 120000.00),
('P0015', 'Aksesoris Mobil', 'C08', 'S0015', 40, 200000.00),
('P0016', 'Telepon Cordless', 'C01', 'S0001', 40, 1200000.00),
('P0017', 'Headphone', 'C01', 'S0002', 80, 500000.00),
('P0018', 'Kamera Digital', 'C01', 'S0003', 25, 4000000.00),
('P0019', 'Rak Buku', 'C02', 'S0004', 30, 1500000.00),
('P0020', 'Meja Kerja', 'C02', 'S0005', 20, 1700000.00),
('P0021', 'Printer', 'C03', 'S0006', 10, 2500000.00),
('P0022', 'Kertas A4', 'C03', 'S0007', 200, 20000.00),
('P0023', 'Penyedot Debu', 'C04', 'S0008', 15, 850000.00),
('P0024', 'Sampo', 'C07', 'S0009', 50, 45000.00),
('P0025', 'Pasta Gigi', 'C07', 'S0010', 100, 20000.00),
('P0026', 'Olahraga Sepeda', 'C10', 'S0011', 12, 1200000.00),
('P0027', 'Sepatu Lari', 'C09', 'S0012', 75, 600000.00),
('P0028', 'Jaket Musim Dingin', 'C09', 'S0013', 25, 800000.00),
('P0029', 'Kunci Inggris', 'C06', 'S0014', 50, 100000.00),
('P0030', 'Senter Tangan', 'C06', 'S0015', 20, 150000.00);

INSERT INTO orders (order_id, customer_id, order_date, total_amount, order_status, shipping_address, payment_method, employee_id) VALUES
('O0001', 'CU001', '2024-10-01', 360000.00, 'Diproses', 'Jl. Merdeka No.1, Jakarta', 'Cash', 'E001'),
('O0002', 'CU002', '2024-10-02', 330000.00, 'Dikirim', 'Jl. Sudirman No.45, Jakarta', 'Transfer', 'E002'),
('O0003', 'CU003', '2024-10-03', 15000000.00, 'Selesai', 'Jl. Gajah Mada No.22, Bandung', 'Debit', 'E003'),
('O0004', 'CU004', '2024-10-04', 7500000.00, 'Diproses', 'Jl. Pahlawan No.17, Surabaya', 'Cash', 'E004'),
('O0005', 'CU005', '2024-10-05', 3000000.00, 'Dikirim', 'Jl. Bunga No.99, Yogyakarta', 'Transfer', 'E005'),
('O0006', 'CU006', '2024-10-06', 10000000.00, 'Selesai', 'Jl. Kenanga No.10, Bali', 'Debit', 'E006'),
('O0007', 'CU007', '2024-10-07', 2500000.00, 'Diproses', 'Jl. Suka No.1, Medan', 'Cash', 'E007'),
('O0008', 'CU008', '2024-10-08', 5000000.00, 'Dikirim', 'Jl. Kebon No.5, Makassar', 'Transfer', 'E008'),
('O0009', 'CU009', '2024-10-09', 4000000.00, 'Selesai', 'Jl. Anggrek No.8, Semarang', 'Debit', 'E009'),
('O0010', 'CU010', '2024-10-10', 6000000.00, 'Diproses', 'Jl. Cempaka No.4, Palembang', 'Cash', 'E010'),
('O0011', 'CU011', '2024-10-11', 8000000.00, 'Dikirim', 'Jl. Puspa No.12, Solo', 'Transfer', 'E011'),
('O0012', 'CU012', '2024-10-12', 9000000.00, 'Selesai', 'Jl. Melati No.20, Batam', 'Debit', 'E012'),
('O0013', 'CU013', '2024-10-13', 11000000.00, 'Diproses', 'Jl. Mawar No.30, Tangerang', 'Cash', 'E001'),
('O0014', 'CU014', '2024-10-14', 7000000.00, 'Dikirim', 'Jl. Bromo No.25, Bandung', 'Transfer', 'E002'),
('O0015', 'CU015', '2024-10-15', 9500000.00, 'Selesai', 'Jl. Cinta No.15, Jakarta', 'Debit', 'E003');

INSERT INTO payments (payment_id, order_id, payment_date, amount_paid, payment_method, payment_status)
VALUES
('P0001', 'O0001', '2024-10-01', 360000.00, 'Cash', 'Lunas'),
('P0002', 'O0002', '2024-10-02', 330000.00, 'Transfer', 'Belum lunas'),
('P0003', 'O0003', '2024-10-03', 15000000.00, 'Debit', 'Lunas'),
('P0004', 'O0004', '2024-10-04', 7500000.00, 'Cash', 'Lunas'),
('P0005', 'O0005', '2024-10-05', 3000000.00, 'Transfer', 'Belum lunas'),
('P0006', 'O0006', '2024-10-06', 10000000.00, 'Debit', 'Lunas'),
('P0007', 'O0007', '2024-10-07', 2500000.00, 'Cash', 'Lunas'),
('P0008', 'O0008', '2024-10-08', 5000000.00, 'Transfer', 'Belum lunas'),
('P0009', 'O0009', '2024-10-09', 4000000.00, 'Debit', 'Lunas'),
('P0010', 'O0010', '2024-10-10', 6000000.00, 'Cash', 'Belum lunas'),
('P0011', 'O0011', '2024-10-11', 8000000.00, 'Transfer', 'Lunas'),
('P0012', 'O0012', '2024-10-12', 9000000.00, 'Debit', 'Lunas'),
('P0013', 'O0013', '2024-10-13', 11000000.00, 'Cash', 'Belum lunas'),
('P0014', 'O0014', '2024-10-14', 7000000.00, 'Transfer', 'Lunas'),
('P0015', 'O0015', '2024-10-15', 9500000.00, 'Debit', 'Lunas');

INSERT INTO order_details (order_detail_id, order_id, product_id, quantity, price_per_unit)
VALUES
('OD001', 'O0001', 'P0001', 2, 18000.00),  -- 2 Roti Tawar
('OD002', 'O0001', 'P0002', 1, 22000.00),  -- 1 Susu 1Ltr
('OD003', 'O0002', 'P0003', 1, 5000000.00),-- 1 Televisi
('OD004', 'O0002', 'P0004', 1, 2000000.00),-- 1 Sofa
('OD005', 'O0003', 'P0005', 1, 1800000.00),-- 1 Meja Makan
('OD006', 'O0004', 'P0006', 3, 750000.00), -- 3 Kursi Kantor
('OD007', 'O0005', 'P0007', 10, 5000.00),  -- 10 Buku Tulis
('OD008', 'O0006', 'P0008', 4, 2500.00),   -- 4 Pulpen
('OD009', 'O0007', 'P0009', 1, 40000.00),  -- 1 Pembersih Lantai
('OD010', 'O0008', 'P0010', 5, 30000.00),  -- 5 Sabun Cair
('OD011', 'O0009', 'P0011', 2, 15000.00),  -- 2 Makanan Ringan
('OD012', 'O0010', 'P0012', 1, 5000.00),   -- 1 Minuman Kemasan
('OD013', 'O0011', 'P0013', 1, 60000.00),  -- 1 Perkakas Kayu
('OD014', 'O0012', 'P0014', 1, 120000.00), -- 1 Obat Perawatan Diri
('OD015', 'O0013', 'P0015', 1, 200000.00); -- 1 Aksesoris Mobil
